<?xml version="1.0" encoding="UTF-8" standalone="yes"?>
<addon id="plugin.video.the-cool-sun" name="the-cool-sun" version="1.0.0" provider-name="rincewind">
  <requires>
    <import addon="xbmc.python" version="2.1.0"/>
  </requires>
  <extension point="xbmc.python.pluginsource" library="default.py">
        <provides>video executable</provides>
  </extension>
  <extension point="xbmc.addon.metadata">
    <summary lang="en">the-cool-sun</summary>
    <description lang="en">The Cool Sun Kodi Wizard</description>
	<website>https://alonrotem.github.io/the-cool-sun-kodi-wizard/</website>
    <platform>all</platform>
  </extension>
</addon>
